{
  "errors": 0.04301982416903044,
  "lapses": 0.039261966955452365,
  "patient": 0.02947733172669472,
  "violations": 0.0291478985775057,
  "anxious": 0.02795081398357165,
  "angry": 0.02328476131484285,
  "careful": 0.01977157520880822,
  "distress_reduction": 0.018642540329348537,
  "risky": 0.018309240573313068,
  "high_velocity": 0.017982673475179702,
  "dissociative": 0.015853426386941857
}